classification,schools,students,personal_belief_exemption,rate
Non-charter,5067,454621,8047,0.017700458183849844
Charter,577,38977,3246,0.08327988300792775